Workbook

Sheet Dashboard
B2: HORROR DAYS · Vendite biglietti
B3: Drive In Pozzuoli · MIX MARK S.R.L. · fonte: Riepiloghi mensili C1 (18Tickets) · 1 biglietto = 1 auto
K4: Top 5 spettacoli per auto vendute
B5: Incasso lordo totale | E5: Auto vendute | H5: Persone | K5: Data | L5: Ora | M5: Auto | N5: Persone | O5: Incasso
B6: =SUM(Vendite!$J$2:$J$1000) | E6: =SUM(Vendite!$H$2:$H$1000) | H6: =SUM(Vendite!$P$2:$P$1000) | K6: =INDEX(Spettacoli!$B$2:$B$41,MATCH(LARGE(Spettacoli!$R$2:$R$41,1),Spettacoli!$R$2:$R$41,0)) | L6: =INDEX(Spettacoli!$D$2:$D$41,MATCH(LARGE(Spettacoli!$R$2:$R$41,1),Spettacoli!$R$2:$R$41,0)) | M6: =INDEX(Spettacoli!$F$2:$F$41,MATCH(LARGE(Spettacoli!$R$2:$R$41,1),Spettacoli!$R$2:$R$41,0)) | N6: =INDEX(Spettacoli!$G$2:$G$41,MATCH(LARGE(Spettacoli!$R$2:$R$41,1),Spettacoli!$R$2:$R$41,0)) | O6: =INDEX(Spettacoli!$M$2:$M$41,MATCH(LARGE(Spettacoli!$R$2:$R$41,1),Spettacoli!$R$2:$R$41,0))
K7: =INDEX(Spettacoli!$B$2:$B$41,MATCH(LARGE(Spettacoli!$R$2:$R$41,2),Spettacoli!$R$2:$R$41,0)) | L7: =INDEX(Spettacoli!$D$2:$D$41,MATCH(LARGE(Spettacoli!$R$2:$R$41,2),Spettacoli!$R$2:$R$41,0)) | M7: =INDEX(Spettacoli!$F$2:$F$41,MATCH(LARGE(Spettacoli!$R$2:$R$41,2),Spettacoli!$R$2:$R$41,0)) | N7: =INDEX(Spettacoli!$G$2:$G$41,MATCH(LARGE(Spettacoli!$R$2:$R$41,2),Spettacoli!$R$2:$R$41,0)) | O7: =INDEX(Spettacoli!$M$2:$M$41,MATCH(LARGE(Spettacoli!$R$2:$R$41,2),Spettacoli!$R$2:$R$41,0))
B8: Persone per auto (media) | E8: Occupazione media (auto) | H8: Spettacoli con vendite / totali | K8: =INDEX(Spettacoli!$B$2:$B$41,MATCH(LARGE(Spettacoli!$R$2:$R$41,3),Spettacoli!$R$2:$R$41,0)) | L8: =INDEX(Spettacoli!$D$2:$D$41,MATCH(LARGE(Spettacoli!$R$2:$R$41,3),Spettacoli!$R$2:$R$41,0)) | M8: =INDEX(Spettacoli!$F$2:$F$41,MATCH(LARGE(Spettacoli!$R$2:$R$41,3),Spettacoli!$R$2:$R$41,0)) | N8: =INDEX(Spettacoli!$G$2:$G$41,MATCH(LARGE(Spettacoli!$R$2:$R$41,3),Spettacoli!$R$2:$R$41,0)) | O8: =INDEX(Spettacoli!$M$2:$M$41,MATCH(LARGE(Spettacoli!$R$2:$R$41,3),Spettacoli!$R$2:$R$41,0))
B9: =IF(SUM(Vendite!$H$2:$H$1000)>0,SUM(Vendite!$P$2:$P$1000)/SUM(Vendite!$H$2:$H$1000),0) | E9: =IF(SUM(Spettacoli!E2:E41)>0,SUM(Spettacoli!F2:F41)/SUM(Spettacoli!E2:E41),0) | H9: =COUNTIF(Spettacoli!$Q$2:$Q$41,"Venduto")&" / "&COUNTA(Spettacoli!A2:A41) | K9: =INDEX(Spettacoli!$B$2:$B$41,MATCH(LARGE(Spettacoli!$R$2:$R$41,4),Spettacoli!$R$2:$R$41,0)) | L9: =INDEX(Spettacoli!$D$2:$D$41,MATCH(LARGE(Spettacoli!$R$2:$R$41,4),Spettacoli!$R$2:$R$41,0)) | M9: =INDEX(Spettacoli!$F$2:$F$41,MATCH(LARGE(Spettacoli!$R$2:$R$41,4),Spettacoli!$R$2:$R$41,0)) | N9: =INDEX(Spettacoli!$G$2:$G$41,MATCH(LARGE(Spettacoli!$R$2:$R$41,4),Spettacoli!$R$2:$R$41,0)) | O9: =INDEX(Spettacoli!$M$2:$M$41,MATCH(LARGE(Spettacoli!$R$2:$R$41,4),Spettacoli!$R$2:$R$41,0))
K10: =INDEX(Spettacoli!$B$2:$B$41,MATCH(LARGE(Spettacoli!$R$2:$R$41,5),Spettacoli!$R$2:$R$41,0)) | L10: =INDEX(Spettacoli!$D$2:$D$41,MATCH(LARGE(Spettacoli!$R$2:$R$41,5),Spettacoli!$R$2:$R$41,0)) | M10: =INDEX(Spettacoli!$F$2:$F$41,MATCH(LARGE(Spettacoli!$R$2:$R$41,5),Spettacoli!$R$2:$R$41,0)) | N10: =INDEX(Spettacoli!$G$2:$G$41,MATCH(LARGE(Spettacoli!$R$2:$R$41,5),Spettacoli!$R$2:$R$41,0)) | O10: =INDEX(Spettacoli!$M$2:$M$41,MATCH(LARGE(Spettacoli!$R$2:$R$41,5),Spettacoli!$R$2:$R$41,0))
B11: Auto per tipologia | E11: Prezzo medio per auto | H11: Ultimo aggiornamento
B12: ="Da 2: "&Tipologie!D2&" · "&"Da 3: "&Tipologie!D3&" · "&"Da 4: "&Tipologie!D4&" · "&"Da 5: "&Tipologie!D5 | E12: =IF(SUM(Vendite!$H$2:$H$1000)>0,SUM(Vendite!$J$2:$J$1000)/SUM(Vendite!$H$2:$H$1000),0) | H12: =MAX(Storico!A2:A601)

Sheet Tariffe
A1: Codice titolo | B1: Descrizione | C1: Tipologia (Intero/Ridotto/Omaggio) | D1: Persone per auto
A2: I1 | B2: Auto da 4 · 48 € | C2: Intero | D2: 4
A3: I8 | B3: Auto da 2 · 24 € | C3: Intero | D3: 2
A4: I2 | B4: Auto da 3 · 36 € | C4: Intero | D4: 3
A5: I5 | B5: Auto da 5 · 60 € | C5: Intero | D5: 5

Sheet Tipologie
A1: Tipologia | B1: Prezzo | C1: Persone per auto | D1: N° auto | E1: Persone | F1: Incasso | G1: % delle auto
A2: Auto da 2 persone | B2: 24 | C2: 2 | D2: =SUMIF(Vendite!$O$2:$O$1000,C2,Vendite!$H$2:$H$1000) | E2: =SUMIF(Vendite!$O$2:$O$1000,C2,Vendite!$P$2:$P$1000) | F2: =SUMIF(Vendite!$O$2:$O$1000,C2,Vendite!$J$2:$J$1000) | G2: =IF(SUM($D$2:$D$5)>0,D2/SUM($D$2:$D$5),0)
A3: Auto da 3 persone | B3: 36 | C3: 3 | D3: =SUMIF(Vendite!$O$2:$O$1000,C3,Vendite!$H$2:$H$1000) | E3: =SUMIF(Vendite!$O$2:$O$1000,C3,Vendite!$P$2:$P$1000) | F3: =SUMIF(Vendite!$O$2:$O$1000,C3,Vendite!$J$2:$J$1000) | G3: =IF(SUM($D$2:$D$5)>0,D3/SUM($D$2:$D$5),0)
A4: Auto da 4 persone | B4: 48 | C4: 4 | D4: =SUMIF(Vendite!$O$2:$O$1000,C4,Vendite!$H$2:$H$1000) | E4: =SUMIF(Vendite!$O$2:$O$1000,C4,Vendite!$P$2:$P$1000) | F4: =SUMIF(Vendite!$O$2:$O$1000,C4,Vendite!$J$2:$J$1000) | G4: =IF(SUM($D$2:$D$5)>0,D4/SUM($D$2:$D$5),0)
A5: Auto da 5 persone | B5: 60 | C5: 5 | D5: =SUMIF(Vendite!$O$2:$O$1000,C5,Vendite!$H$2:$H$1000) | E5: =SUMIF(Vendite!$O$2:$O$1000,C5,Vendite!$P$2:$P$1000) | F5: =SUMIF(Vendite!$O$2:$O$1000,C5,Vendite!$J$2:$J$1000) | G5: =IF(SUM($D$2:$D$5)>0,D5/SUM($D$2:$D$5),0)
A6: Totale | D6: =SUM(D2:D5) | E6: =SUM(E2:E5) | F6: =SUM(F2:F5) | G6: =SUM(G2:G5)

Sheet Spettacoli
A1: ID | B1: Data | C1: Giorno settimana | D1: Ora | E1: Capienza (auto) | F1: Auto | G1: Persone | H1: Auto da 2 | I1: Auto da 3 | J1: Auto da 4 | K1: Auto da 5 | L1: Annullati | M1: Incasso lordo | N1: Imponibile IVA | O1: IVA | P1: Occupazione % (auto) | Q1: Stato | R1: Chiave ordinamento
A2: 20261023_2015 | B2: 46318 | C2: =CHOOSE(WEEKDAY(B2,2),"Lunedì","Martedì","Mercoledì","Giovedì","Venerdì","Sabato","Domenica") | D2: 0.84375 | E2: 80 | F2: =SUMIF(Vendite!$A$2:$A$1000,A2,Vendite!$H$2:$H$1000) | G2: =SUMIF(Vendite!$A$2:$A$1000,A2,Vendite!$P$2:$P$1000) | H2: =SUMIFS(Vendite!$H$2:$H$1000,Vendite!$A$2:$A$1000,A2,Vendite!$O$2:$O$1000,2) | I2: =SUMIFS(Vendite!$H$2:$H$1000,Vendite!$A$2:$A$1000,A2,Vendite!$O$2:$O$1000,3) | J2: =SUMIFS(Vendite!$H$2:$H$1000,Vendite!$A$2:$A$1000,A2,Vendite!$O$2:$O$1000,4) | K2: =SUMIFS(Vendite!$H$2:$H$1000,Vendite!$A$2:$A$1000,A2,Vendite!$O$2:$O$1000,5) | L2: =SUMIF(Vendite!$A$2:$A$1000,A2,Vendite!$I$2:$I$1000) | M2: =SUMIF(Vendite!$A$2:$A$1000,A2,Vendite!$J$2:$J$1000) | N2: =SUMIF(Vendite!$A$2:$A$1000,A2,Vendite!$L$2:$L$1000) | O2: =SUMIF(Vendite!$A$2:$A$1000,A2,Vendite!$M$2:$M$1000) | P2: =IF(E2>0,F2/E2,0) | Q2: =IF(F2>0,"Venduto","Zero vendite") | R2: =F2+M2/100000+(1000-ROW())/100000000
A3: 20261023_2115 | B3: 46318 | C3: =CHOOSE(WEEKDAY(B3,2),"Lunedì","Martedì","Mercoledì","Giovedì","Venerdì","Sabato","Domenica") | D3: 0.88541667 | E3: 80 | F3: =SUMIF(Vendite!$A$2:$A$1000,A3,Vendite!$H$2:$H$1000) | G3: =SUMIF(Vendite!$A$2:$A$1000,A3,Vendite!$P$2:$P$1000) | H3: =SUMIFS(Vendite!$H$2:$H$1000,Vendite!$A$2:$A$1000,A3,Vendite!$O$2:$O$1000,2) | I3: =SUMIFS(Vendite!$H$2:$H$1000,Vendite!$A$2:$A$1000,A3,Vendite!$O$2:$O$1000,3) | J3: =SUMIFS(Vendite!$H$2:$H$1000,Vendite!$A$2:$A$1000,A3,Vendite!$O$2:$O$1000,4) | K3: =SUMIFS(Vendite!$H$2:$H$1000,Vendite!$A$2:$A$1000,A3,Vendite!$O$2:$O$1000,5) | L3: =SUMIF(Vendite!$A$2:$A$1000,A3,Vendite!$I$2:$I$1000) | M3: =SUMIF(Vendite!$A$2:$A$1000,A3,Vendite!$J$2:$J$1000) | N3: =SUMIF(Vendite!$A$2:$A$1000,A3,Vendite!$L$2:$L$1000) | O3: =SUMIF(Vendite!$A$2:$A$1000,A3,Vendite!$M$2:$M$1000) | P3: =IF(E3>0,F3/E3,0) | Q3: =IF(F3>0,"Venduto","Zero vendite") | R3: =F3+M3/100000+(1000-ROW())/100000000
A4: 20261023_2215 | B4: 46318 | C4: =CHOOSE(WEEKDAY(B4,2),"Lunedì","Martedì","Mercoledì","Giovedì","Venerdì","Sabato","Domenica") | D4: 0.92708333 | E4: 80 | F4: =SUMIF(Vendite!$A$2:$A$1000,A4,Vendite!$H$2:$H$1000) | G4: =SUMIF(Vendite!$A$2:$A$1000,A4,Vendite!$P$2:$P$1000) | H4: =SUMIFS(Vendite!$H$2:$H$1000,Vendite!$A$2:$A$1000,A4,Vendite!$O$2:$O$1000,2) | I4: =SUMIFS(Vendite!$H$2:$H$1000,Vendite!$A$2:$A$1000,A4,Vendite!$O$2:$O$1000,3) | J4: =SUMIFS(Vendite!$H$2:$H$1000,Vendite!$A$2:$A$1000,A4,Vendite!$O$2:$O$1000,4) | K4: =SUMIFS(Vendite!$H$2:$H$1000,Vendite!$A$2:$A$1000,A4,Vendite!$O$2:$O$1000,5) | L4: =SUMIF(Vendite!$A$2:$A$1000,A4,Vendite!$I$2:$I$1000) | M4: =SUMIF(Vendite!$A$2:$A$1000,A4,Vendite!$J$2:$J$1000) | N4: =SUMIF(Vendite!$A$2:$A$1000,A4,Vendite!$L$2:$L$1000) | O4: =SUMIF(Vendite!$A$2:$A$1000,A4,Vendite!$M$2:$M$1000) | P4: =IF(E4>0,F4/E4,0) | Q4: =IF(F4>0,"Venduto","Zero vendite") | R4: =F4+M4/100000+(1000-ROW())/100000000
A5: 20261023_2315 | B5: 46318 | C5: =CHOOSE(WEEKDAY(B5,2),"Lunedì","Martedì","Mercoledì","Giovedì","Venerdì","Sabato","Domenica") | D5: 0.96875 | E5: 80 | F5: =SUMIF(Vendite!$A$2:$A$1000,A5,Vendite!$H$2:$H$1000) | G5: =SUMIF(Vendite!$A$2:$A$1000,A5,Vendite!$P$2:$P$1000) | H5: =SUMIFS(Vendite!$H$2:$H$1000,Vendite!$A$2:$A$1000,A5,Vendite!$O$2:$O$1000,2) | I5: =SUMIFS(Vendite!$H$2:$H$1000,Vendite!$A$2:$A$1000,A5,Vendite!$O$2:$O$1000,3) | J5: =SUMIFS(Vendite!$H$2:$H$1000,Vendite!$A$2:$A$1000,A5,Vendite!$O$2:$O$1000,4) | K5: =SUMIFS(Vendite!$H$2:$H$1000,Vendite!$A$2:$A$1000,A5,Vendite!$O$2:$O$1000,5) | L5: =SUMIF(Vendite!$A$2:$A$1000,A5,Vendite!$I$2:$I$1000) | M5: =SUMIF(Vendite!$A$2:$A$1000,A5,Vendite!$J$2:$J$1000) | N5: =SUMIF(Vendite!$A$2:$A$1000,A5,Vendite!$L$2:$L$1000) | O5: =SUMIF(Vendite!$A$2:$A$1000,A5,Vendite!$M$2:$M$1000) | P5: =IF(E5>0,F5/E5,0) | Q5: =IF(F5>0,"Venduto","Zero vendite") | R5: =F5+M5/100000+(1000-ROW())/100000000
A6: 20261023_2358 | B6: 46318 | C6: =CHOOSE(WEEKDAY(B6,2),"Lunedì","Martedì","Mercoledì","Giovedì","Venerdì","Sabato","Domenica") | D6: 0.99861111 | E6: 80 | F6: =SUMIF(Vendite!$A$2:$A$1000,A6,Vendite!$H$2:$H$1000) | G6: =SUMIF(Vendite!$A$2:$A$1000,A6,Vendite!$P$2:$P$1000) | H6: =SUMIFS(Vendite!$H$2:$H$1000,Vendite!$A$2:$A$1000,A6,Vendite!$O$2:$O$1000,2) | I6: =SUMIFS(Vendite!$H$2:$H$1000,Vendite!$A$2:$A$1000,A6,Vendite!$O$2:$O$1000,3) | J6: =SUMIFS(Vendite!$H$2:$H$1000,Vendite!$A$2:$A$1000,A6,Vendite!$O$2:$O$1000,4) | K6: =SUMIFS(Vendite!$H$2:$H$1000,Vendite!$A$2:$A$1000,A6,Vendite!$O$2:$O$1000,5) | L6: =SUMIF(Vendite!$A$2:$A$1000,A6,Vendite!$I$2:$I$1000) | M6: =SUMIF(Vendite!$A$2:$A$1000,A6,Vendite!$J$2:$J$1000) | N6: =SUMIF(Vendite!$A$2:$A$1000,A6,Vendite!$L$2:$L$1000) | O6: =SUMIF(Vendite!$A$2:$A$1000,A6,Vendite!$M$2:$M$1000) | P6: =IF(E6>0,F6/E6,0) | Q6: =IF(F6>0,"Venduto","Zero vendite") | R6: =F6+M6/100000+(1000-ROW())/100000000
A7: 20261024_2015 | B7: 46319 | C7: =CHOOSE(WEEKDAY(B7,2),"Lunedì","Martedì","Mercoledì","Giovedì","Venerdì","Sabato","Domenica") | D7: 0.84375 | E7: 80 | F7: =SUMIF(Vendite!$A$2:$A$1000,A7,Vendite!$H$2:$H$1000) | G7: =SUMIF(Vendite!$A$2:$A$1000,A7,Vendite!$P$2:$P$1000) | H7: =SUMIFS(Vendite!$H$2:$H$1000,Vendite!$A$2:$A$1000,A7,Vendite!$O$2:$O$1000,2) | I7: =SUMIFS(Vendite!$H$2:$H$1000,Vendite!$A$2:$A$1000,A7,Vendite!$O$2:$O$1000,3) | J7: =SUMIFS(Vendite!$H$2:$H$1000,Vendite!$A$2:$A$1000,A7,Vendite!$O$2:$O$1000,4) | K7: =SUMIFS(Vendite!$H$2:$H$1000,Vendite!$A$2:$A$1000,A7,Vendite!$O$2:$O$1000,5) | L7: =SUMIF(Vendite!$A$2:$A$1000,A7,Vendite!$I$2:$I$1000) | M7: =SUMIF(Vendite!$A$2:$A$1000,A7,Vendite!$J$2:$J$1000) | N7: =SUMIF(Vendite!$A$2:$A$1000,A7,Vendite!$L$2:$L$1000) | O7: =SUMIF(Vendite!$A$2:$A$1000,A7,Vendite!$M$2:$M$1000) | P7: =IF(E7>0,F7/E7,0) | Q7: =IF(F7>0,"Venduto","Zero vendite") | R7: =F7+M7/100000+(1000-ROW())/100000000
A8: 20261024_2115 | B8: 46319 | C8: =CHOOSE(WEEKDAY(B8,2),"Lunedì","Martedì","Mercoledì","Giovedì","Venerdì","Sabato","Domenica") | D8: 0.88541667 | E8: 80 | F8: =SUMIF(Vendite!$A$2:$A$1000,A8,Vendite!$H$2:$H$1000) | G8: =SUMIF(Vendite!$A$2:$A$1000,A8,Vendite!$P$2:$P$1000) | H8: =SUMIFS(Vendite!$H$2:$H$1000,Vendite!$A$2:$A$1000,A8,Vendite!$O$2:$O$1000,2) | I8: =SUMIFS(Vendite!$H$2:$H$1000,Vendite!$A$2:$A$1000,A8,Vendite!$O$2:$O$1000,3) | J8: =SUMIFS(Vendite!$H$2:$H$1000,Vendite!$A$2:$A$1000,A8,Vendite!$O$2:$O$1000,4) | K8: =SUMIFS(Vendite!$H$2:$H$1000,Vendite!$A$2:$A$1000,A8,Vendite!$O$2:$O$1000,5) | L8: =SUMIF(Vendite!$A$2:$A$1000,A8,Vendite!$I$2:$I$1000) | M8: =SUMIF(Vendite!$A$2:$A$1000,A8,Vendite!$J$2:$J$1000) | N8: =SUMIF(Vendite!$A$2:$A$1000,A8,Vendite!$L$2:$L$1000) | O8: =SUMIF(Vendite!$A$2:$A$1000,A8,Vendite!$M$2:$M$1000) | P8: =IF(E8>0,F8/E8,0) | Q8: =IF(F8>0,"Venduto","Zero vendite") | R8: =F8+M8/100000+(1000-ROW())/100000000
A9: 20261024_2215 | B9: 46319 | C9: =CHOOSE(WEEKDAY(B9,2),"Lunedì","Martedì","Mercoledì","Giovedì","Venerdì","Sabato","Domenica") | D9: 0.92708333 | E9: 80 | F9: =SUMIF(Vendite!$A$2:$A$1000,A9,Vendite!$H$2:$H$1000) | G9: =SUMIF(Vendite!$A$2:$A$1000,A9,Vendite!$P$2:$P$1000) | H9: =SUMIFS(Vendite!$H$2:$H$1000,Vendite!$A$2:$A$1000,A9,Vendite!$O$2:$O$1000,2) | I9: =SUMIFS(Vendite!$H$2:$H$1000,Vendite!$A$2:$A$1000,A9,Vendite!$O$2:$O$1000,3) | J9: =SUMIFS(Vendite!$H$2:$H$1000,Vendite!$A$2:$A$1000,A9,Vendite!$O$2:$O$1000,4) | K9: =SUMIFS(Vendite!$H$2:$H$1000,Vendite!$A$2:$A$1000,A9,Vendite!$O$2:$O$1000,5) | L9: =SUMIF(Vendite!$A$2:$A$1000,A9,Vendite!$I$2:$I$1000) | M9: =SUMIF(Vendite!$A$2:$A$1000,A9,Vendite!$J$2:$J$1000) | N9: =SUMIF(Vendite!$A$2:$A$1000,A9,Vendite!$L$2:$L$1000) | O9: =SUMIF(Vendite!$A$2:$A$1000,A9,Vendite!$M$2:$M$1000) | P9: =IF(E9>0,F9/E9,0) | Q9: =IF(F9>0,"Venduto","Zero vendite") | R9: =F9+M9/100000+(1000-ROW())/100000000
A10: 20261024_2315 | B10: 46319 | C10: =CHOOSE(WEEKDAY(B10,2),"Lunedì","Martedì","Mercoledì","Giovedì","Venerdì","Sabato","Domenica") | D10: 0.96875 | E10: 80 | F10: =SUMIF(Vendite!$A$2:$A$1000,A10,Vendite!$H$2:$H$1000) | G10: =SUMIF(Vendite!$A$2:$A$1000,A10,Vendite!$P$2:$P$1000) | H10: =SUMIFS(Vendite!$H$2:$H$1000,Vendite!$A$2:$A$1000,A10,Vendite!$O$2:$O$1000,2) | I10: =SUMIFS(Vendite!$H$2:$H$1000,Vendite!$A$2:$A$1000,A10,Vendite!$O$2:$O$1000,3) | J10: =SUMIFS(Vendite!$H$2:$H$1000,Vendite!$A$2:$A$1000,A10,Vendite!$O$2:$O$1000,4) | K10: =SUMIFS(Vendite!$H$2:$H$1000,Vendite!$A$2:$A$1000,A10,Vendite!$O$2:$O$1000,5) | L10: =SUMIF(Vendite!$A$2:$A$1000,A10,Vendite!$I$2:$I$1000) | M10: =SUMIF(Vendite!$A$2:$A$1000,A10,Vendite!$J$2:$J$1000) | N10: =SUMIF(Vendite!$A$2:$A$1000,A10,Vendite!$L$2:$L$1000) | O10: =SUMIF(Vendite!$A$2:$A$1000,A10,Vendite!$M$2:$M$1000) | P10: =IF(E10>0,F10/E10,0) | Q10: =IF(F10>0,"Venduto","Zero vendite") | R10: =F10+M10/100000+(1000-ROW())/100000000
A11: 20261024_2359 | B11: 46319 | C11: =CHOOSE(WEEKDAY(B11,2),"Lunedì","Martedì","Mercoledì","Giovedì","Venerdì","Sabato","Domenica") | D11: 0.99930556 | E11: 80 | F11: =SUMIF(Vendite!$A$2:$A$1000,A11,Vendite!$H$2:$H$1000) | G11: =SUMIF(Vendite!$A$2:$A$1000,A11,Vendite!$P$2:$P$1000) | H11: =SUMIFS(Vendite!$H$2:$H$1000,Vendite!$A$2:$A$1000,A11,Vendite!$O$2:$O$1000,2) | I11: =SUMIFS(Vendite!$H$2:$H$1000,Vendite!$A$2:$A$1000,A11,Vendite!$O$2:$O$1000,3) | J11: =SUMIFS(Vendite!$H$2:$H$1000,Vendite!$A$2:$A$1000,A11,Vendite!$O$2:$O$1000,4) | K11: =SUMIFS(Vendite!$H$2:$H$1000,Vendite!$A$2:$A$1000,A11,Vendite!$O$2:$O$1000,5) | L11: =SUMIF(Vendite!$A$2:$A$1000,A11,Vendite!$I$2:$I$1000) | M11: =SUMIF(Vendite!$A$2:$A$1000,A11,Vendite!$J$2:$J$1000) | N11: =SUMIF(Vendite!$A$2:$A$1000,A11,Vendite!$L$2:$L$1000) | O11: =SUMIF(Vendite!$A$2:$A$1000,A11,Vendite!$M$2:$M$1000) | P11: =IF(E11>0,F11/E11,0) | Q11: =IF(F11>0,"Venduto","Zero vendite") | R11: =F11+M11/100000+(1000-ROW())/100000000
A12: 20261025_2015 | B12: 46320 | C12: =CHOOSE(WEEKDAY(B12,2),"Lunedì","Martedì","Mercoledì","Giovedì","Venerdì","Sabato","Domenica") | D12: 0.84375 | E12: 80 | F12: =SUMIF(Vendite!$A$2:$A$1000,A12,Vendite!$H$2:$H$1000) | G12: =SUMIF(Vendite!$A$2:$A$1000,A12,Vendite!$P$2:$P$1000) | H12: =SUMIFS(Vendite!$H$2:$H$1000,Vendite!$A$2:$A$1000,A12,Vendite!$O$2:$O$1000,2) | I12: =SUMIFS(Vendite!$H$2:$H$1000,Vendite!$A$2:$A$1000,A12,Vendite!$O$2:$O$1000,3) | J12: =SUMIFS(Vendite!$H$2:$H$1000,Vendite!$A$2:$A$1000,A12,Vendite!$O$2:$O$1000,4) | K12: =SUMIFS(Vendite!$H$2:$H$1000,Vendite!$A$2:$A$1000,A12,Vendite!$O$2:$O$1000,5) | L12: =SUMIF(Vendite!$A$2:$A$1000,A12,Vendite!$I$2:$I$1000) | M12: =SUMIF(Vendite!$A$2:$A$1000,A12,Vendite!$J$2:$J$1000) | N12: =SUMIF(Vendite!$A$2:$A$1000,A12,Vendite!$L$2:$L$1000) | O12: =SUMIF(Vendite!$A$2:$A$1000,A12,Vendite!$M$2:$M$1000) | P12: =IF(E12>0,F12/E12,0) | Q12: =IF(F12>0,"Venduto","Zero vendite") | R12: =F12+M12/100000+(1000-ROW())/100000000
A13: 20261025_2115 | B13: 46320 | C13: =CHOOSE(WEEKDAY(B13,2),"Lunedì","Martedì","Mercoledì","Giovedì","Venerdì","Sabato","Domenica") | D13: 0.88541667 | E13: 80 | F13: =SUMIF(Vendite!$A$2:$A$1000,A13,Vendite!$H$2:$H$1000) | G13: =SUMIF(Vendite!$A$2:$A$1000,A13,Vendite!$P$2:$P$1000) | H13: =SUMIFS(Vendite!$H$2:$H$1000,Vendite!$A$2:$A$1000,A13,Vendite!$O$2:$O$1000,2) | I13: =SUMIFS(Vendite!$H$2:$H$1000,Vendite!$A$2:$A$1000,A13,Vendite!$O$2:$O$1000,3) | J13: =SUMIFS(Vendite!$H$2:$H$1000,Vendite!$A$2:$A$1000,A13,Vendite!$O$2:$O$1000,4) | K13: =SUMIFS(Vendite!$H$2:$H$1000,Vendite!$A$2:$A$1000,A13,Vendite!$O$2:$O$1000,5) | L13: =SUMIF(Vendite!$A$2:$A$1000,A13,Vendite!$I$2:$I$1000) | M13: =SUMIF(Vendite!$A$2:$A$1000,A13,Vendite!$J$2:$J$1000) | N13: =SUMIF(Vendite!$A$2:$A$1000,A13,Vendite!$L$2:$L$1000) | O13: =SUMIF(Vendite!$A$2:$A$1000,A13,Vendite!$M$2:$M$1000) | P13: =IF(E13>0,F13/E13,0) | Q13: =IF(F13>0,"Venduto","Zero vendite") | R13: =F13+M13/100000+(1000-ROW())/100000000
... A41: 20261102_2359 | B41: 46328 | C41: =CHOOSE(WEEKDAY(B41,2),"Lunedì","Martedì","Mercoledì","Giovedì","Venerdì","Sabato","Domenica") | D41: 0.99930556 | E41: 80 | F41: =SUMIF(Vendite!$A$2:$A$1000,A41,Vendite!$H$2:$H$1000) | G41: =SUMIF(Vendite!$A$2:$A$1000,A41,Vendite!$P$2:$P$1000) | H41: =SUMIFS(Vendite!$H$2:$H$1000,Vendite!$A$2:$A$1000,A41,Vendite!$O$2:$O$1000,2) | I41: =SUMIFS(Vendite!$H$2:$H$1000,Vendite!$A$2:$A$1000,A41,Vendite!$O$2:$O$1000,3) | J41: =SUMIFS(Vendite!$H$2:$H$1000,Vendite!$A$2:$A$1000,A41,Vendite!$O$2:$O$1000,4) | K41: =SUMIFS(Vendite!$H$2:$H$1000,Vendite!$A$2:$A$1000,A41,Vendite!$O$2:$O$1000,5) | L41: =SUMIF(Vendite!$A$2:$A$1000,A41,Vendite!$I$2:$I$1000) | M41: =SUMIF(Vendite!$A$2:$A$1000,A41,Vendite!$J$2:$J$1000) | N41: =SUMIF(Vendite!$A$2:$A$1000,A41,Vendite!$L$2:$L$1000) | O41: =SUMIF(Vendite!$A$2:$A$1000,A41,Vendite!$M$2:$M$1000) | P41: =IF(E41>0,F41/E41,0) | Q41: =IF(F41>0,"Venduto","Zero vendite") | R41: =F41+M41/100000+(1000-ROW())/100000000

Sheet Vendite
A1: ID spettacolo | B1: Data | C1: Ora | D1: Settore | E1: Codice titolo | F1: Descrizione tariffa | G1: Prezzo unitario | H1: N° auto (titoli emessi) | I1: N° annullati | J1: Incasso lordo | K1: Prevendita | L1: Imponibile IVA | M1: IVA | N1: Mese C1 di origine | O1: Persone per auto | P1: Persone
A2: 20261023_2015 | B2: 46318 | C2: 0.84375 | D2: UN Unico | E2: I1 | F2: =IFERROR(INDEX(Tariffe!$B$2:$B$200,MATCH(E2,Tariffe!$A$2:$A$200,0)),"DA DEFINIRE") | G2: 48 | H2: 4 | I2: 0 | J2: 192 | K2: 0 | L2: 174.56 | M2: 17.44 | N2: 10/2026 | O2: =IFERROR(INDEX(Tariffe!$D$2:$D$200,MATCH(E2,Tariffe!$A$2:$A$200,0))*1,0) | P2: =H2*O2
A3: 20261023_2015 | B3: 46318 | C3: 0.84375 | D3: UN Unico | E3: I2 | F3: =IFERROR(INDEX(Tariffe!$B$2:$B$200,MATCH(E3,Tariffe!$A$2:$A$200,0)),"DA DEFINIRE") | G3: 36 | H3: 6 | I3: 0 | J3: 216 | K3: 0 | L3: 196.38 | M3: 19.62 | N3: 10/2026 | O3: =IFERROR(INDEX(Tariffe!$D$2:$D$200,MATCH(E3,Tariffe!$A$2:$A$200,0))*1,0) | P3: =H3*O3
A4: 20261023_2015 | B4: 46318 | C4: 0.84375 | D4: UN Unico | E4: I5 | F4: =IFERROR(INDEX(Tariffe!$B$2:$B$200,MATCH(E4,Tariffe!$A$2:$A$200,0)),"DA DEFINIRE") | G4: 60 | H4: 2 | I4: 0 | J4: 120 | K4: 0 | L4: 109.1 | M4: 10.9 | N4: 10/2026 | O4: =IFERROR(INDEX(Tariffe!$D$2:$D$200,MATCH(E4,Tariffe!$A$2:$A$200,0))*1,0) | P4: =H4*O4
A5: 20261023_2015 | B5: 46318 | C5: 0.84375 | D5: UN Unico | E5: I8 | F5: =IFERROR(INDEX(Tariffe!$B$2:$B$200,MATCH(E5,Tariffe!$A$2:$A$200,0)),"DA DEFINIRE") | G5: 24 | H5: 17 | I5: 0 | J5: 408 | K5: 0 | L5: 370.94 | M5: 37.06 | N5: 10/2026 | O5: =IFERROR(INDEX(Tariffe!$D$2:$D$200,MATCH(E5,Tariffe!$A$2:$A$200,0))*1,0) | P5: =H5*O5
A6: 20261023_2115 | B6: 46318 | C6: 0.88541667 | D6: UN Unico | E6: I1 | F6: =IFERROR(INDEX(Tariffe!$B$2:$B$200,MATCH(E6,Tariffe!$A$2:$A$200,0)),"DA DEFINIRE") | G6: 48 | H6: 21 | I6: 3 | J6: 1008 | K6: 0 | L6: 916.44 | M6: 91.56 | N6: 10/2026 | O6: =IFERROR(INDEX(Tariffe!$D$2:$D$200,MATCH(E6,Tariffe!$A$2:$A$200,0))*1,0) | P6: =H6*O6
A7: 20261023_2115 | B7: 46318 | C7: 0.88541667 | D7: UN Unico | E7: I2 | F7: =IFERROR(INDEX(Tariffe!$B$2:$B$200,MATCH(E7,Tariffe!$A$2:$A$200,0)),"DA DEFINIRE") | G7: 36 | H7: 13 | I7: 0 | J7: 468 | K7: 0 | L7: 425.49 | M7: 42.51 | N7: 10/2026 | O7: =IFERROR(INDEX(Tariffe!$D$2:$D$200,MATCH(E7,Tariffe!$A$2:$A$200,0))*1,0) | P7: =H7*O7
A8: 20261023_2115 | B8: 46318 | C8: 0.88541667 | D8: UN Unico | E8: I5 | F8: =IFERROR(INDEX(Tariffe!$B$2:$B$200,MATCH(E8,Tariffe!$A$2:$A$200,0)),"DA DEFINIRE") | G8: 60 | H8: 4 | I8: 1 | J8: 240 | K8: 0 | L8: 218.2 | M8: 21.8 | N8: 10/2026 | O8: =IFERROR(INDEX(Tariffe!$D$2:$D$200,MATCH(E8,Tariffe!$A$2:$A$200,0))*1,0) | P8: =H8*O8
A9: 20261023_2115 | B9: 46318 | C9: 0.88541667 | D9: UN Unico | E9: I8 | F9: =IFERROR(INDEX(Tariffe!$B$2:$B$200,MATCH(E9,Tariffe!$A$2:$A$200,0)),"DA DEFINIRE") | G9: 24 | H9: 28 | I9: 0 | J9: 672 | K9: 0 | L9: 610.96 | M9: 61.04 | N9: 10/2026 | O9: =IFERROR(INDEX(Tariffe!$D$2:$D$200,MATCH(E9,Tariffe!$A$2:$A$200,0))*1,0) | P9: =H9*O9
A10: 20261023_2215 | B10: 46318 | C10: 0.92708333 | D10: UN Unico | E10: I1 | F10: =IFERROR(INDEX(Tariffe!$B$2:$B$200,MATCH(E10,Tariffe!$A$2:$A$200,0)),"DA DEFINIRE") | G10: 48 | H10: 25 | I10: 0 | J10: 1200 | K10: 0 | L10: 1091 | M10: 109 | N10: 10/2026 | O10: =IFERROR(INDEX(Tariffe!$D$2:$D$200,MATCH(E10,Tariffe!$A$2:$A$200,0))*1,0) | P10: =H10*O10
A11: 20261023_2215 | B11: 46318 | C11: 0.92708333 | D11: UN Unico | E11: I2 | F11: =IFERROR(INDEX(Tariffe!$B$2:$B$200,MATCH(E11,Tariffe!$A$2:$A$200,0)),"DA DEFINIRE") | G11: 36 | H11: 9 | I11: 0 | J11: 324 | K11: 0 | L11: 294.57 | M11: 29.43 | N11: 10/2026 | O11: =IFERROR(INDEX(Tariffe!$D$2:$D$200,MATCH(E11,Tariffe!$A$2:$A$200,0))*1,0) | P11: =H11*O11
A12: 20261023_2215 | B12: 46318 | C12: 0.92708333 | D12: UN Unico | E12: I5 | F12: =IFERROR(INDEX(Tariffe!$B$2:$B$200,MATCH(E12,Tariffe!$A$2:$A$200,0)),"DA DEFINIRE") | G12: 60 | H12: 10 | I12: 0 | J12: 600 | K12: 0 | L12: 545.5 | M12: 54.5 | N12: 10/2026 | O12: =IFERROR(INDEX(Tariffe!$D$2:$D$200,MATCH(E12,Tariffe!$A$2:$A$200,0))*1,0) | P12: =H12*O12
A13: 20261023_2215 | B13: 46318 | C13: 0.92708333 | D13: UN Unico | E13: I8 | F13: =IFERROR(INDEX(Tariffe!$B$2:$B$200,MATCH(E13,Tariffe!$A$2:$A$200,0)),"DA DEFINIRE") | G13: 24 | H13: 36 | I13: 0 | J13: 864 | K13: 0 | L13: 785.52 | M13: 78.48 | N13: 10/2026 | O13: =IFERROR(INDEX(Tariffe!$D$2:$D$200,MATCH(E13,Tariffe!$A$2:$A$200,0))*1,0) | P13: =H13*O13
... A120: 20261102_2315 | B120: 46328 | C120: 0.96875 | D120: UN Unico | E120: I1 | F120: =IFERROR(INDEX(Tariffe!$B$2:$B$200,MATCH(E120,Tariffe!$A$2:$A$200,0)),"DA DEFINIRE") | G120: 15 | H120: 2 | I120: 0 | J120: 30 | K120: 0 | L120: 27.28 | M120: 2.72 | N120: 11/2026 | O120: =IFERROR(INDEX(Tariffe!$D$2:$D$200,MATCH(E120,Tariffe!$A$2:$A$200,0))*1,0) | P120: =H120*O120

Sheet Per tariffa
A1: Codice titolo | B1: Descrizione | C1: Persone per auto | D1: N° auto | E1: Persone | F1: Incasso | G1: % sull'incasso totale
A2: =Tariffe!A2 | B2: =Tariffe!B2 | C2: =Tariffe!D2 | D2: =SUMIF(Vendite!$E$2:$E$1000,A2,Vendite!$H$2:$H$1000) | E2: =SUMIF(Vendite!$E$2:$E$1000,A2,Vendite!$P$2:$P$1000) | F2: =SUMIF(Vendite!$E$2:$E$1000,A2,Vendite!$J$2:$J$1000) | G2: =IF(SUM($F$2:$F$5)>0,F2/SUM($F$2:$F$5),0)
A3: =Tariffe!A3 | B3: =Tariffe!B3 | C3: =Tariffe!D3 | D3: =SUMIF(Vendite!$E$2:$E$1000,A3,Vendite!$H$2:$H$1000) | E3: =SUMIF(Vendite!$E$2:$E$1000,A3,Vendite!$P$2:$P$1000) | F3: =SUMIF(Vendite!$E$2:$E$1000,A3,Vendite!$J$2:$J$1000) | G3: =IF(SUM($F$2:$F$5)>0,F3/SUM($F$2:$F$5),0)
A4: =Tariffe!A4 | B4: =Tariffe!B4 | C4: =Tariffe!D4 | D4: =SUMIF(Vendite!$E$2:$E$1000,A4,Vendite!$H$2:$H$1000) | E4: =SUMIF(Vendite!$E$2:$E$1000,A4,Vendite!$P$2:$P$1000) | F4: =SUMIF(Vendite!$E$2:$E$1000,A4,Vendite!$J$2:$J$1000) | G4: =IF(SUM($F$2:$F$5)>0,F4/SUM($F$2:$F$5),0)
A5: =Tariffe!A5 | B5: =Tariffe!B5 | C5: =Tariffe!D5 | D5: =SUMIF(Vendite!$E$2:$E$1000,A5,Vendite!$H$2:$H$1000) | E5: =SUMIF(Vendite!$E$2:$E$1000,A5,Vendite!$P$2:$P$1000) | F5: =SUMIF(Vendite!$E$2:$E$1000,A5,Vendite!$J$2:$J$1000) | G5: =IF(SUM($F$2:$F$5)>0,F5/SUM($F$2:$F$5),0)
A6: Totale | D6: =SUM(D2:D5) | E6: =SUM(E2:E5) | F6: =SUM(F2:F5) | G6: =SUM(G2:G5)

Sheet Per serata
A1: Data | B1: Giorno | C1: Auto totali | D1: Persone totali | E1: Incasso totale | F1: Auto 20:15 | G1: Auto 21:15 | H1: Auto 22:15 | I1: Auto 23:15 | J1: Auto 23:59 | K1: Persone 20:15 | L1: Persone 21:15 | M1: Persone 22:15 | N1: Persone 23:15 | O1: Persone 23:59 | P1: Auto da 2 | Q1: Auto da 3 | R1: Auto da 4 | S1: Auto da 5 | T1: Etichetta grafico
A2: 46318 | B2: =CHOOSE(WEEKDAY(A2,2),"Lunedì","Martedì","Mercoledì","Giovedì","Venerdì","Sabato","Domenica") | C2: =SUM(F2:J2) | D2: =SUM(K2:O2) | E2: =SUMIF(Vendite!$B$2:$B$1000,A2,Vendite!$J$2:$J$1000) | F2: =SUMIFS(Vendite!$H$2:$H$1000,Vendite!$B$2:$B$1000,A2,Vendite!$C$2:$C$1000,">="&TIMEVALUE("20:00"),Vendite!$C$2:$C$1000,"<"&TIMEVALUE("21:00")) | G2: =SUMIFS(Vendite!$H$2:$H$1000,Vendite!$B$2:$B$1000,A2,Vendite!$C$2:$C$1000,">="&TIMEVALUE("21:00"),Vendite!$C$2:$C$1000,"<"&TIMEVALUE("22:00")) | H2: =SUMIFS(Vendite!$H$2:$H$1000,Vendite!$B$2:$B$1000,A2,Vendite!$C$2:$C$1000,">="&TIMEVALUE("22:00"),Vendite!$C$2:$C$1000,"<"&TIMEVALUE("23:00")) | I2: =SUMIFS(Vendite!$H$2:$H$1000,Vendite!$B$2:$B$1000,A2,Vendite!$C$2:$C$1000,">="&TIMEVALUE("23:00"),Vendite!$C$2:$C$1000,"<"&TIMEVALUE("23:30")) | J2: =SUMIFS(Vendite!$H$2:$H$1000,Vendite!$B$2:$B$1000,A2,Vendite!$C$2:$C$1000,">="&TIMEVALUE("23:30")) | K2: =SUMIFS(Vendite!$P$2:$P$1000,Vendite!$B$2:$B$1000,A2,Vendite!$C$2:$C$1000,">="&TIMEVALUE("20:00"),Vendite!$C$2:$C$1000,"<"&TIMEVALUE("21:00")) | L2: =SUMIFS(Vendite!$P$2:$P$1000,Vendite!$B$2:$B$1000,A2,Vendite!$C$2:$C$1000,">="&TIMEVALUE("21:00"),Vendite!$C$2:$C$1000,"<"&TIMEVALUE("22:00")) | M2: =SUMIFS(Vendite!$P$2:$P$1000,Vendite!$B$2:$B$1000,A2,Vendite!$C$2:$C$1000,">="&TIMEVALUE("22:00"),Vendite!$C$2:$C$1000,"<"&TIMEVALUE("23:00")) | N2: =SUMIFS(Vendite!$P$2:$P$1000,Vendite!$B$2:$B$1000,A2,Vendite!$C$2:$C$1000,">="&TIMEVALUE("23:00"),Vendite!$C$2:$C$1000,"<"&TIMEVALUE("23:30")) | O2: =SUMIFS(Vendite!$P$2:$P$1000,Vendite!$B$2:$B$1000,A2,Vendite!$C$2:$C$1000,">="&TIMEVALUE("23:30")) | P2: =SUMIFS(Vendite!$H$2:$H$1000,Vendite!$B$2:$B$1000,A2,Vendite!$O$2:$O$1000,2) | Q2: =SUMIFS(Vendite!$H$2:$H$1000,Vendite!$B$2:$B$1000,A2,Vendite!$O$2:$O$1000,3) | R2: =SUMIFS(Vendite!$H$2:$H$1000,Vendite!$B$2:$B$1000,A2,Vendite!$O$2:$O$1000,4) | S2: =SUMIFS(Vendite!$H$2:$H$1000,Vendite!$B$2:$B$1000,A2,Vendite!$O$2:$O$1000,5) | T2: =TEXT(A2,"DD/MM")
A3: 46319 | B3: =CHOOSE(WEEKDAY(A3,2),"Lunedì","Martedì","Mercoledì","Giovedì","Venerdì","Sabato","Domenica") | C3: =SUM(F3:J3) | D3: =SUM(K3:O3) | E3: =SUMIF(Vendite!$B$2:$B$1000,A3,Vendite!$J$2:$J$1000) | F3: =SUMIFS(Vendite!$H$2:$H$1000,Vendite!$B$2:$B$1000,A3,Vendite!$C$2:$C$1000,">="&TIMEVALUE("20:00"),Vendite!$C$2:$C$1000,"<"&TIMEVALUE("21:00")) | G3: =SUMIFS(Vendite!$H$2:$H$1000,Vendite!$B$2:$B$1000,A3,Vendite!$C$2:$C$1000,">="&TIMEVALUE("21:00"),Vendite!$C$2:$C$1000,"<"&TIMEVALUE("22:00")) | H3: =SUMIFS(Vendite!$H$2:$H$1000,Vendite!$B$2:$B$1000,A3,Vendite!$C$2:$C$1000,">="&TIMEVALUE("22:00"),Vendite!$C$2:$C$1000,"<"&TIMEVALUE("23:00")) | I3: =SUMIFS(Vendite!$H$2:$H$1000,Vendite!$B$2:$B$1000,A3,Vendite!$C$2:$C$1000,">="&TIMEVALUE("23:00"),Vendite!$C$2:$C$1000,"<"&TIMEVALUE("23:30")) | J3: =SUMIFS(Vendite!$H$2:$H$1000,Vendite!$B$2:$B$1000,A3,Vendite!$C$2:$C$1000,">="&TIMEVALUE("23:30")) | K3: =SUMIFS(Vendite!$P$2:$P$1000,Vendite!$B$2:$B$1000,A3,Vendite!$C$2:$C$1000,">="&TIMEVALUE("20:00"),Vendite!$C$2:$C$1000,"<"&TIMEVALUE("21:00")) | L3: =SUMIFS(Vendite!$P$2:$P$1000,Vendite!$B$2:$B$1000,A3,Vendite!$C$2:$C$1000,">="&TIMEVALUE("21:00"),Vendite!$C$2:$C$1000,"<"&TIMEVALUE("22:00")) | M3: =SUMIFS(Vendite!$P$2:$P$1000,Vendite!$B$2:$B$1000,A3,Vendite!$C$2:$C$1000,">="&TIMEVALUE("22:00"),Vendite!$C$2:$C$1000,"<"&TIMEVALUE("23:00")) | N3: =SUMIFS(Vendite!$P$2:$P$1000,Vendite!$B$2:$B$1000,A3,Vendite!$C$2:$C$1000,">="&TIMEVALUE("23:00"),Vendite!$C$2:$C$1000,"<"&TIMEVALUE("23:30")) | O3: =SUMIFS(Vendite!$P$2:$P$1000,Vendite!$B$2:$B$1000,A3,Vendite!$C$2:$C$1000,">="&TIMEVALUE("23:30")) | P3: =SUMIFS(Vendite!$H$2:$H$1000,Vendite!$B$2:$B$1000,A3,Vendite!$O$2:$O$1000,2) | Q3: =SUMIFS(Vendite!$H$2:$H$1000,Vendite!$B$2:$B$1000,A3,Vendite!$O$2:$O$1000,3) | R3: =SUMIFS(Vendite!$H$2:$H$1000,Vendite!$B$2:$B$1000,A3,Vendite!$O$2:$O$1000,4) | S3: =SUMIFS(Vendite!$H$2:$H$1000,Vendite!$B$2:$B$1000,A3,Vendite!$O$2:$O$1000,5) | T3: =TEXT(A3,"DD/MM")
A4: 46320 | B4: =CHOOSE(WEEKDAY(A4,2),"Lunedì","Martedì","Mercoledì","Giovedì","Venerdì","Sabato","Domenica") | C4: =SUM(F4:J4) | D4: =SUM(K4:O4) | E4: =SUMIF(Vendite!$B$2:$B$1000,A4,Vendite!$J$2:$J$1000) | F4: =SUMIFS(Vendite!$H$2:$H$1000,Vendite!$B$2:$B$1000,A4,Vendite!$C$2:$C$1000,">="&TIMEVALUE("20:00"),Vendite!$C$2:$C$1000,"<"&TIMEVALUE("21:00")) | G4: =SUMIFS(Vendite!$H$2:$H$1000,Vendite!$B$2:$B$1000,A4,Vendite!$C$2:$C$1000,">="&TIMEVALUE("21:00"),Vendite!$C$2:$C$1000,"<"&TIMEVALUE("22:00")) | H4: =SUMIFS(Vendite!$H$2:$H$1000,Vendite!$B$2:$B$1000,A4,Vendite!$C$2:$C$1000,">="&TIMEVALUE("22:00"),Vendite!$C$2:$C$1000,"<"&TIMEVALUE("23:00")) | I4: =SUMIFS(Vendite!$H$2:$H$1000,Vendite!$B$2:$B$1000,A4,Vendite!$C$2:$C$1000,">="&TIMEVALUE("23:00"),Vendite!$C$2:$C$1000,"<"&TIMEVALUE("23:30")) | J4: =SUMIFS(Vendite!$H$2:$H$1000,Vendite!$B$2:$B$1000,A4,Vendite!$C$2:$C$1000,">="&TIMEVALUE("23:30")) | K4: =SUMIFS(Vendite!$P$2:$P$1000,Vendite!$B$2:$B$1000,A4,Vendite!$C$2:$C$1000,">="&TIMEVALUE("20:00"),Vendite!$C$2:$C$1000,"<"&TIMEVALUE("21:00")) | L4: =SUMIFS(Vendite!$P$2:$P$1000,Vendite!$B$2:$B$1000,A4,Vendite!$C$2:$C$1000,">="&TIMEVALUE("21:00"),Vendite!$C$2:$C$1000,"<"&TIMEVALUE("22:00")) | M4: =SUMIFS(Vendite!$P$2:$P$1000,Vendite!$B$2:$B$1000,A4,Vendite!$C$2:$C$1000,">="&TIMEVALUE("22:00"),Vendite!$C$2:$C$1000,"<"&TIMEVALUE("23:00")) | N4: =SUMIFS(Vendite!$P$2:$P$1000,Vendite!$B$2:$B$1000,A4,Vendite!$C$2:$C$1000,">="&TIMEVALUE("23:00"),Vendite!$C$2:$C$1000,"<"&TIMEVALUE("23:30")) | O4: =SUMIFS(Vendite!$P$2:$P$1000,Vendite!$B$2:$B$1000,A4,Vendite!$C$2:$C$1000,">="&TIMEVALUE("23:30")) | P4: =SUMIFS(Vendite!$H$2:$H$1000,Vendite!$B$2:$B$1000,A4,Vendite!$O$2:$O$1000,2) | Q4: =SUMIFS(Vendite!$H$2:$H$1000,Vendite!$B$2:$B$1000,A4,Vendite!$O$2:$O$1000,3) | R4: =SUMIFS(Vendite!$H$2:$H$1000,Vendite!$B$2:$B$1000,A4,Vendite!$O$2:$O$1000,4) | S4: =SUMIFS(Vendite!$H$2:$H$1000,Vendite!$B$2:$B$1000,A4,Vendite!$O$2:$O$1000,5) | T4: =TEXT(A4,"DD/MM")
A5: 46324 | B5: =CHOOSE(WEEKDAY(A5,2),"Lunedì","Martedì","Mercoledì","Giovedì","Venerdì","Sabato","Domenica") | C5: =SUM(F5:J5) | D5: =SUM(K5:O5) | E5: =SUMIF(Vendite!$B$2:$B$1000,A5,Vendite!$J$2:$J$1000) | F5: =SUMIFS(Vendite!$H$2:$H$1000,Vendite!$B$2:$B$1000,A5,Vendite!$C$2:$C$1000,">="&TIMEVALUE("20:00"),Vendite!$C$2:$C$1000,"<"&TIMEVALUE("21:00")) | G5: =SUMIFS(Vendite!$H$2:$H$1000,Vendite!$B$2:$B$1000,A5,Vendite!$C$2:$C$1000,">="&TIMEVALUE("21:00"),Vendite!$C$2:$C$1000,"<"&TIMEVALUE("22:00")) | H5: =SUMIFS(Vendite!$H$2:$H$1000,Vendite!$B$2:$B$1000,A5,Vendite!$C$2:$C$1000,">="&TIMEVALUE("22:00"),Vendite!$C$2:$C$1000,"<"&TIMEVALUE("23:00")) | I5: =SUMIFS(Vendite!$H$2:$H$1000,Vendite!$B$2:$B$1000,A5,Vendite!$C$2:$C$1000,">="&TIMEVALUE("23:00"),Vendite!$C$2:$C$1000,"<"&TIMEVALUE("23:30")) | J5: =SUMIFS(Vendite!$H$2:$H$1000,Vendite!$B$2:$B$1000,A5,Vendite!$C$2:$C$1000,">="&TIMEVALUE("23:30")) | K5: =SUMIFS(Vendite!$P$2:$P$1000,Vendite!$B$2:$B$1000,A5,Vendite!$C$2:$C$1000,">="&TIMEVALUE("20:00"),Vendite!$C$2:$C$1000,"<"&TIMEVALUE("21:00")) | L5: =SUMIFS(Vendite!$P$2:$P$1000,Vendite!$B$2:$B$1000,A5,Vendite!$C$2:$C$1000,">="&TIMEVALUE("21:00"),Vendite!$C$2:$C$1000,"<"&TIMEVALUE("22:00")) | M5: =SUMIFS(Vendite!$P$2:$P$1000,Vendite!$B$2:$B$1000,A5,Vendite!$C$2:$C$1000,">="&TIMEVALUE("22:00"),Vendite!$C$2:$C$1000,"<"&TIMEVALUE("23:00")) | N5: =SUMIFS(Vendite!$P$2:$P$1000,Vendite!$B$2:$B$1000,A5,Vendite!$C$2:$C$1000,">="&TIMEVALUE("23:00"),Vendite!$C$2:$C$1000,"<"&TIMEVALUE("23:30")) | O5: =SUMIFS(Vendite!$P$2:$P$1000,Vendite!$B$2:$B$1000,A5,Vendite!$C$2:$C$1000,">="&TIMEVALUE("23:30")) | P5: =SUMIFS(Vendite!$H$2:$H$1000,Vendite!$B$2:$B$1000,A5,Vendite!$O$2:$O$1000,2) | Q5: =SUMIFS(Vendite!$H$2:$H$1000,Vendite!$B$2:$B$1000,A5,Vendite!$O$2:$O$1000,3) | R5: =SUMIFS(Vendite!$H$2:$H$1000,Vendite!$B$2:$B$1000,A5,Vendite!$O$2:$O$1000,4) | S5: =SUMIFS(Vendite!$H$2:$H$1000,Vendite!$B$2:$B$1000,A5,Vendite!$O$2:$O$1000,5) | T5: =TEXT(A5,"DD/MM")
A6: 46325 | B6: =CHOOSE(WEEKDAY(A6,2),"Lunedì","Martedì","Mercoledì","Giovedì","Venerdì","Sabato","Domenica") | C6: =SUM(F6:J6) | D6: =SUM(K6:O6) | E6: =SUMIF(Vendite!$B$2:$B$1000,A6,Vendite!$J$2:$J$1000) | F6: =SUMIFS(Vendite!$H$2:$H$1000,Vendite!$B$2:$B$1000,A6,Vendite!$C$2:$C$1000,">="&TIMEVALUE("20:00"),Vendite!$C$2:$C$1000,"<"&TIMEVALUE("21:00")) | G6: =SUMIFS(Vendite!$H$2:$H$1000,Vendite!$B$2:$B$1000,A6,Vendite!$C$2:$C$1000,">="&TIMEVALUE("21:00"),Vendite!$C$2:$C$1000,"<"&TIMEVALUE("22:00")) | H6: =SUMIFS(Vendite!$H$2:$H$1000,Vendite!$B$2:$B$1000,A6,Vendite!$C$2:$C$1000,">="&TIMEVALUE("22:00"),Vendite!$C$2:$C$1000,"<"&TIMEVALUE("23:00")) | I6: =SUMIFS(Vendite!$H$2:$H$1000,Vendite!$B$2:$B$1000,A6,Vendite!$C$2:$C$1000,">="&TIMEVALUE("23:00"),Vendite!$C$2:$C$1000,"<"&TIMEVALUE("23:30")) | J6: =SUMIFS(Vendite!$H$2:$H$1000,Vendite!$B$2:$B$1000,A6,Vendite!$C$2:$C$1000,">="&TIMEVALUE("23:30")) | K6: =SUMIFS(Vendite!$P$2:$P$1000,Vendite!$B$2:$B$1000,A6,Vendite!$C$2:$C$1000,">="&TIMEVALUE("20:00"),Vendite!$C$2:$C$1000,"<"&TIMEVALUE("21:00")) | L6: =SUMIFS(Vendite!$P$2:$P$1000,Vendite!$B$2:$B$1000,A6,Vendite!$C$2:$C$1000,">="&TIMEVALUE("21:00"),Vendite!$C$2:$C$1000,"<"&TIMEVALUE("22:00")) | M6: =SUMIFS(Vendite!$P$2:$P$1000,Vendite!$B$2:$B$1000,A6,Vendite!$C$2:$C$1000,">="&TIMEVALUE("22:00"),Vendite!$C$2:$C$1000,"<"&TIMEVALUE("23:00")) | N6: =SUMIFS(Vendite!$P$2:$P$1000,Vendite!$B$2:$B$1000,A6,Vendite!$C$2:$C$1000,">="&TIMEVALUE("23:00"),Vendite!$C$2:$C$1000,"<"&TIMEVALUE("23:30")) | O6: =SUMIFS(Vendite!$P$2:$P$1000,Vendite!$B$2:$B$1000,A6,Vendite!$C$2:$C$1000,">="&TIMEVALUE("23:30")) | P6: =SUMIFS(Vendite!$H$2:$H$1000,Vendite!$B$2:$B$1000,A6,Vendite!$O$2:$O$1000,2) | Q6: =SUMIFS(Vendite!$H$2:$H$1000,Vendite!$B$2:$B$1000,A6,Vendite!$O$2:$O$1000,3) | R6: =SUMIFS(Vendite!$H$2:$H$1000,Vendite!$B$2:$B$1000,A6,Vendite!$O$2:$O$1000,4) | S6: =SUMIFS(Vendite!$H$2:$H$1000,Vendite!$B$2:$B$1000,A6,Vendite!$O$2:$O$1000,5) | T6: =TEXT(A6,"DD/MM")
A7: 46326 | B7: =CHOOSE(WEEKDAY(A7,2),"Lunedì","Martedì","Mercoledì","Giovedì","Venerdì","Sabato","Domenica") | C7: =SUM(F7:J7) | D7: =SUM(K7:O7) | E7: =SUMIF(Vendite!$B$2:$B$1000,A7,Vendite!$J$2:$J$1000) | F7: =SUMIFS(Vendite!$H$2:$H$1000,Vendite!$B$2:$B$1000,A7,Vendite!$C$2:$C$1000,">="&TIMEVALUE("20:00"),Vendite!$C$2:$C$1000,"<"&TIMEVALUE("21:00")) | G7: =SUMIFS(Vendite!$H$2:$H$1000,Vendite!$B$2:$B$1000,A7,Vendite!$C$2:$C$1000,">="&TIMEVALUE("21:00"),Vendite!$C$2:$C$1000,"<"&TIMEVALUE("22:00")) | H7: =SUMIFS(Vendite!$H$2:$H$1000,Vendite!$B$2:$B$1000,A7,Vendite!$C$2:$C$1000,">="&TIMEVALUE("22:00"),Vendite!$C$2:$C$1000,"<"&TIMEVALUE("23:00")) | I7: =SUMIFS(Vendite!$H$2:$H$1000,Vendite!$B$2:$B$1000,A7,Vendite!$C$2:$C$1000,">="&TIMEVALUE("23:00"),Vendite!$C$2:$C$1000,"<"&TIMEVALUE("23:30")) | J7: =SUMIFS(Vendite!$H$2:$H$1000,Vendite!$B$2:$B$1000,A7,Vendite!$C$2:$C$1000,">="&TIMEVALUE("23:30")) | K7: =SUMIFS(Vendite!$P$2:$P$1000,Vendite!$B$2:$B$1000,A7,Vendite!$C$2:$C$1000,">="&TIMEVALUE("20:00"),Vendite!$C$2:$C$1000,"<"&TIMEVALUE("21:00")) | L7: =SUMIFS(Vendite!$P$2:$P$1000,Vendite!$B$2:$B$1000,A7,Vendite!$C$2:$C$1000,">="&TIMEVALUE("21:00"),Vendite!$C$2:$C$1000,"<"&TIMEVALUE("22:00")) | M7: =SUMIFS(Vendite!$P$2:$P$1000,Vendite!$B$2:$B$1000,A7,Vendite!$C$2:$C$1000,">="&TIMEVALUE("22:00"),Vendite!$C$2:$C$1000,"<"&TIMEVALUE("23:00")) | N7: =SUMIFS(Vendite!$P$2:$P$1000,Vendite!$B$2:$B$1000,A7,Vendite!$C$2:$C$1000,">="&TIMEVALUE("23:00"),Vendite!$C$2:$C$1000,"<"&TIMEVALUE("23:30")) | O7: =SUMIFS(Vendite!$P$2:$P$1000,Vendite!$B$2:$B$1000,A7,Vendite!$C$2:$C$1000,">="&TIMEVALUE("23:30")) | P7: =SUMIFS(Vendite!$H$2:$H$1000,Vendite!$B$2:$B$1000,A7,Vendite!$O$2:$O$1000,2) | Q7: =SUMIFS(Vendite!$H$2:$H$1000,Vendite!$B$2:$B$1000,A7,Vendite!$O$2:$O$1000,3) | R7: =SUMIFS(Vendite!$H$2:$H$1000,Vendite!$B$2:$B$1000,A7,Vendite!$O$2:$O$1000,4) | S7: =SUMIFS(Vendite!$H$2:$H$1000,Vendite!$B$2:$B$1000,A7,Vendite!$O$2:$O$1000,5) | T7: =TEXT(A7,"DD/MM")
A8: 46327 | B8: =CHOOSE(WEEKDAY(A8,2),"Lunedì","Martedì","Mercoledì","Giovedì","Venerdì","Sabato","Domenica") | C8: =SUM(F8:J8) | D8: =SUM(K8:O8) | E8: =SUMIF(Vendite!$B$2:$B$1000,A8,Vendite!$J$2:$J$1000) | F8: =SUMIFS(Vendite!$H$2:$H$1000,Vendite!$B$2:$B$1000,A8,Vendite!$C$2:$C$1000,">="&TIMEVALUE("20:00"),Vendite!$C$2:$C$1000,"<"&TIMEVALUE("21:00")) | G8: =SUMIFS(Vendite!$H$2:$H$1000,Vendite!$B$2:$B$1000,A8,Vendite!$C$2:$C$1000,">="&TIMEVALUE("21:00"),Vendite!$C$2:$C$1000,"<"&TIMEVALUE("22:00")) | H8: =SUMIFS(Vendite!$H$2:$H$1000,Vendite!$B$2:$B$1000,A8,Vendite!$C$2:$C$1000,">="&TIMEVALUE("22:00"),Vendite!$C$2:$C$1000,"<"&TIMEVALUE("23:00")) | I8: =SUMIFS(Vendite!$H$2:$H$1000,Vendite!$B$2:$B$1000,A8,Vendite!$C$2:$C$1000,">="&TIMEVALUE("23:00"),Vendite!$C$2:$C$1000,"<"&TIMEVALUE("23:30")) | J8: =SUMIFS(Vendite!$H$2:$H$1000,Vendite!$B$2:$B$1000,A8,Vendite!$C$2:$C$1000,">="&TIMEVALUE("23:30")) | K8: =SUMIFS(Vendite!$P$2:$P$1000,Vendite!$B$2:$B$1000,A8,Vendite!$C$2:$C$1000,">="&TIMEVALUE("20:00"),Vendite!$C$2:$C$1000,"<"&TIMEVALUE("21:00")) | L8: =SUMIFS(Vendite!$P$2:$P$1000,Vendite!$B$2:$B$1000,A8,Vendite!$C$2:$C$1000,">="&TIMEVALUE("21:00"),Vendite!$C$2:$C$1000,"<"&TIMEVALUE("22:00")) | M8: =SUMIFS(Vendite!$P$2:$P$1000,Vendite!$B$2:$B$1000,A8,Vendite!$C$2:$C$1000,">="&TIMEVALUE("22:00"),Vendite!$C$2:$C$1000,"<"&TIMEVALUE("23:00")) | N8: =SUMIFS(Vendite!$P$2:$P$1000,Vendite!$B$2:$B$1000,A8,Vendite!$C$2:$C$1000,">="&TIMEVALUE("23:00"),Vendite!$C$2:$C$1000,"<"&TIMEVALUE("23:30")) | O8: =SUMIFS(Vendite!$P$2:$P$1000,Vendite!$B$2:$B$1000,A8,Vendite!$C$2:$C$1000,">="&TIMEVALUE("23:30")) | P8: =SUMIFS(Vendite!$H$2:$H$1000,Vendite!$B$2:$B$1000,A8,Vendite!$O$2:$O$1000,2) | Q8: =SUMIFS(Vendite!$H$2:$H$1000,Vendite!$B$2:$B$1000,A8,Vendite!$O$2:$O$1000,3) | R8: =SUMIFS(Vendite!$H$2:$H$1000,Vendite!$B$2:$B$1000,A8,Vendite!$O$2:$O$1000,4) | S8: =SUMIFS(Vendite!$H$2:$H$1000,Vendite!$B$2:$B$1000,A8,Vendite!$O$2:$O$1000,5) | T8: =TEXT(A8,"DD/MM")
A9: 46328 | B9: =CHOOSE(WEEKDAY(A9,2),"Lunedì","Martedì","Mercoledì","Giovedì","Venerdì","Sabato","Domenica") | C9: =SUM(F9:J9) | D9: =SUM(K9:O9) | E9: =SUMIF(Vendite!$B$2:$B$1000,A9,Vendite!$J$2:$J$1000) | F9: =SUMIFS(Vendite!$H$2:$H$1000,Vendite!$B$2:$B$1000,A9,Vendite!$C$2:$C$1000,">="&TIMEVALUE("20:00"),Vendite!$C$2:$C$1000,"<"&TIMEVALUE("21:00")) | G9: =SUMIFS(Vendite!$H$2:$H$1000,Vendite!$B$2:$B$1000,A9,Vendite!$C$2:$C$1000,">="&TIMEVALUE("21:00"),Vendite!$C$2:$C$1000,"<"&TIMEVALUE("22:00")) | H9: =SUMIFS(Vendite!$H$2:$H$1000,Vendite!$B$2:$B$1000,A9,Vendite!$C$2:$C$1000,">="&TIMEVALUE("22:00"),Vendite!$C$2:$C$1000,"<"&TIMEVALUE("23:00")) | I9: =SUMIFS(Vendite!$H$2:$H$1000,Vendite!$B$2:$B$1000,A9,Vendite!$C$2:$C$1000,">="&TIMEVALUE("23:00"),Vendite!$C$2:$C$1000,"<"&TIMEVALUE("23:30")) | J9: =SUMIFS(Vendite!$H$2:$H$1000,Vendite!$B$2:$B$1000,A9,Vendite!$C$2:$C$1000,">="&TIMEVALUE("23:30")) | K9: =SUMIFS(Vendite!$P$2:$P$1000,Vendite!$B$2:$B$1000,A9,Vendite!$C$2:$C$1000,">="&TIMEVALUE("20:00"),Vendite!$C$2:$C$1000,"<"&TIMEVALUE("21:00")) | L9: =SUMIFS(Vendite!$P$2:$P$1000,Vendite!$B$2:$B$1000,A9,Vendite!$C$2:$C$1000,">="&TIMEVALUE("21:00"),Vendite!$C$2:$C$1000,"<"&TIMEVALUE("22:00")) | M9: =SUMIFS(Vendite!$P$2:$P$1000,Vendite!$B$2:$B$1000,A9,Vendite!$C$2:$C$1000,">="&TIMEVALUE("22:00"),Vendite!$C$2:$C$1000,"<"&TIMEVALUE("23:00")) | N9: =SUMIFS(Vendite!$P$2:$P$1000,Vendite!$B$2:$B$1000,A9,Vendite!$C$2:$C$1000,">="&TIMEVALUE("23:00"),Vendite!$C$2:$C$1000,"<"&TIMEVALUE("23:30")) | O9: =SUMIFS(Vendite!$P$2:$P$1000,Vendite!$B$2:$B$1000,A9,Vendite!$C$2:$C$1000,">="&TIMEVALUE("23:30")) | P9: =SUMIFS(Vendite!$H$2:$H$1000,Vendite!$B$2:$B$1000,A9,Vendite!$O$2:$O$1000,2) | Q9: =SUMIFS(Vendite!$H$2:$H$1000,Vendite!$B$2:$B$1000,A9,Vendite!$O$2:$O$1000,3) | R9: =SUMIFS(Vendite!$H$2:$H$1000,Vendite!$B$2:$B$1000,A9,Vendite!$O$2:$O$1000,4) | S9: =SUMIFS(Vendite!$H$2:$H$1000,Vendite!$B$2:$B$1000,A9,Vendite!$O$2:$O$1000,5) | T9: =TEXT(A9,"DD/MM")

Sheet Storico
A1: Data estrazione | B1: Auto totali | C1: Persone totali | D1: Incasso totale | E1: Delta auto | F1: Delta persone | G1: Delta incasso | H1: Etichetta grafico
A2: 46300.663 | B2: 4 | C2: 10 | D2: 120 | E2: n.d. | F2: n.d. | G2: n.d. | H2: =TEXT(A2,"DD/MM HH:MM")
A3: 46300.738 | B3: 10 | C3: 26 | D3: 312 | E3: =B3-B2 | F3: =C3-C2 | G3: =D3-D2 | H3: =TEXT(A3,"DD/MM HH:MM")
A4: 46300.764 | B4: 10 | C4: 26 | D4: 312 | E4: =B4-B3 | F4: =C4-C3 | G4: =D4-D3 | H4: =TEXT(A4,"DD/MM HH:MM")
A5: 46300.765 | B5: 11 | C5: 30 | D5: 360 | E5: =B5-B4 | F5: =C5-C4 | G5: =D5-D4 | H5: =TEXT(A5,"DD/MM HH:MM")
A6: 46300.767 | B6: 11 | C6: 30 | D6: 360 | E6: =B6-B5 | F6: =C6-C5 | G6: =D6-D5 | H6: =TEXT(A6,"DD/MM HH:MM")
A7: 46300.778 | B7: 11 | C7: 30 | D7: 360 | E7: =B7-B6 | F7: =C7-C6 | G7: =D7-D6 | H7: =TEXT(A7,"DD/MM HH:MM")
A8: 46300.787 | B8: 11 | C8: 30 | D8: 360 | E8: =B8-B7 | F8: =C8-C7 | G8: =D8-D7 | H8: =TEXT(A8,"DD/MM HH:MM")
A9: 46300.792 | B9: 11 | C9: 30 | D9: 360 | E9: =B9-B8 | F9: =C9-C8 | G9: =D9-D8 | H9: =TEXT(A9,"DD/MM HH:MM")
A10: 46300.8 | B10: 11 | C10: 30 | D10: 360 | E10: =B10-B9 | F10: =C10-C9 | G10: =D10-D9 | H10: =TEXT(A10,"DD/MM HH:MM")
A11: 46300.802 | B11: 11 | C11: 30 | D11: 360 | E11: =B11-B10 | F11: =C11-C10 | G11: =D11-D10 | H11: =TEXT(A11,"DD/MM HH:MM")
A12: 46300.847 | B12: 12 | C12: 34 | D12: 408 | E12: =B12-B11 | F12: =C12-C11 | G12: =D12-D11 | H12: =TEXT(A12,"DD/MM HH:MM")
A13: 46300.863 | B13: 13 | C13: 36 | D13: 432 | E13: =B13-B12 | F13: =C13-C12 | G13: =D13-D12 | H13: =TEXT(A13,"DD/MM HH:MM")
A14: 46300.866 | B14: 13 | C14: 36 | D14: 432 | E14: =B14-B13 | F14: =C14-C13 | G14: =D14-D13 | H14: =TEXT(A14,"DD/MM HH:MM")
... A601: 46319.151 | B601: 776 | C601: 2333 | D601: 27831 | E601: =B601-B600 | F601: =C601-C600 | G601: =D601-D600 | H601: =TEXT(A601,"DD/MM HH:MM")

Sheet Registro vendite
A1: Venduto dopo il | B1: Venduto entro il | C1: Data spettacolo | D1: Turno | E1: Auto | F1: Auto da 2 | G1: Auto da 3 | H1: Auto da 4 | I1: Auto da 5 | J1: Persone | K1: Incasso
A2: prima della 1ª rilevazione | B2: 46300.663 | C2: 46318 | D2: 0.84375 | E2: 1 | F2: 1 | G2: 0 | H2: 0 | I2: 0 | J2: 2 | K2: 24
A3: prima della 1ª rilevazione | B3: 46300.663 | C3: 46318 | D3: 0.96875 | E3: 1 | F3: 1 | G3: 0 | H3: 0 | I3: 0 | J3: 2 | K3: 24
A4: prima della 1ª rilevazione | B4: 46300.663 | C4: 46320 | D4: 0.92708333 | E4: 1 | F4: 1 | G4: 0 | H4: 0 | I4: 0 | J4: 2 | K4: 24
A5: prima della 1ª rilevazione | B5: 46300.663 | C5: 46325 | D5: 0.96875 | E5: 1 | F5: 0 | G5: 0 | H5: 1 | I5: 0 | J5: 4 | K5: 48
A6: 46300.663 | B6: 46300.738 | C6: 46318 | D6: 0.92708333 | E6: 1 | F6: 1 | G6: 0 | H6: 0 | I6: 0 | J6: 2 | K6: 24
A7: 46300.663 | B7: 46300.738 | C7: 46318 | D7: 0.96875 | E7: 1 | F7: 1 | G7: 0 | H7: 0 | I7: 0 | J7: 2 | K7: 24
A8: 46300.663 | B8: 46300.738 | C8: 46320 | D8: 0.88541667 | E8: 1 | F8: 1 | G8: 0 | H8: 0 | I8: 0 | J8: 2 | K8: 24
A9: 46300.663 | B9: 46300.738 | C9: 46324 | D9: 0.92708333 | E9: 1 | F9: 0 | G9: 0 | H9: 1 | I9: 0 | J9: 4 | K9: 48
A10: 46300.663 | B10: 46300.738 | C10: 46324 | D10: 0.99930556 | E10: 1 | F10: 1 | G10: 0 | H10: 0 | I10: 0 | J10: 2 | K10: 24
A11: 46300.663 | B11: 46300.738 | C11: 46325 | D11: 0.96875 | E11: 1 | F11: 0 | G11: 0 | H11: 1 | I11: 0 | J11: 4 | K11: 48
A12: 46300.764 | B12: 46300.765 | C12: 46318 | D12: 0.88541667 | E12: 1 | F12: 0 | G12: 0 | H12: 1 | I12: 0 | J12: 4 | K12: 48
A13: 46300.802 | B13: 46300.847 | C13: 46318 | D13: 0.88541667 | E13: 1 | F13: 0 | G13: 0 | H13: 1 | I13: 0 | J13: 4 | K13: 48
A14: 46300.847 | B14: 46300.863 | C14: 46319 | D14: 0.92708333 | E14: 1 | F14: 1 | G14: 0 | H14: 0 | I14: 0 | J14: 2 | K14: 24
A15: 46300.866 | B15: 46300.981 | C15: 46318 | D15: 0.88541667 | E15: 3 | F15: 2 | G15: 0 | H15: 1 | I15: 0 | J15: 8 | K15: 96
A16: 46300.866 | B16: 46300.981 | C16: 46318 | D16: 0.99861111 | E16: 2 | F16: 2 | G16: 0 | H16: 0 | I16: 0 | J16: 4 | K16: 48
A17: 46300.866 | B17: 46300.981 | C17: 46319 | D17: 0.92708333 | E17: 1 | F17: 1 | G17: 0 | H17: 0 | I17: 0 | J17: 2 | K17: 24
... A657: 46319.11 | B657: 46319.151 | C657: 46320 | D657: 0.84375 | E657: 1 | F657: 1 | G657: 0 | H657: 0 | I657: 0 | J657: 2 | K657: 24

Sheet Picchi vendite
A1: Quando si vende · ogni vendita è collocata a metà della finestra tra due aggiornamenti
A3: Giorno | B3: Auto | C3: Persone | D3: Incasso | F3: Fascia oraria | G3: Auto | H3: Persone | I3: Incasso | K3: Giorno settimana | L3: Auto | M3: Persone | N3: Incasso
A4: 46300 | B4: 22 | C4: 59 | D4: 708 | F4: 00:00-01:00 | G4: 25 | H4: 88 | I4: 1056 | K4: Lunedì | L4: 127 | M4: 373 | N4: 4476
A5: 46301 | B5: 26 | C5: 75 | D5: 900 | F5: 01:00-02:00 | G5: 8 | H5: 20 | I5: 240 | K5: Martedì | L5: 98 | M5: 289 | N5: 3468
A6: 46302 | B6: 23 | C6: 68 | D6: 816 | F6: 02:00-03:00 | G6: 0 | H6: 0 | I6: 0 | K6: Mercoledì | L6: 92 | M6: 265 | N6: 3180
A7: 46303 | B7: 35 | C7: 113 | D7: 1356 | F7: 03:00-04:00 | G7: 5 | H7: 15 | I7: 180 | K7: Giovedì | L7: 100 | M7: 305 | N7: 3660
A8: 46304 | B8: 23 | C8: 72 | D8: 864 | F8: 04:00-05:00 | G8: 1 | H8: 2 | I8: 24 | K8: Venerdì | L8: 211 | M8: 641 | N8: 7527
A9: 46305 | B9: 19 | C9: 47 | D9: 564 | F9: 05:00-06:00 | G9: 0 | H9: 0 | I9: 0 | K9: Sabato | L9: 67 | M9: 201 | N9: 2412
A10: 46306 | B10: 21 | C10: 63 | D10: 756 | F10: 06:00-07:00 | G10: 2 | H10: 6 | I10: 72 | K10: Domenica | L10: 77 | M10: 249 | N10: 2988
A11: 46307 | B11: 27 | C11: 76 | D11: 912 | F11: 07:00-08:00 | G11: 6 | H11: 22 | I11: 264
A12: 46308 | B12: 25 | C12: 75 | D12: 900 | F12: 08:00-09:00 | G12: 5 | H12: 13 | I12: 156
A13: 46309 | B13: 31 | C13: 95 | D13: 1140 | F13: 09:00-10:00 | G13: 14 | H13: 45 | I13: 540
A14: 46310 | B14: 36 | C14: 108 | D14: 1296 | F14: 10:00-11:00 | G14: 31 | H14: 94 | I14: 1128
A15: 46311 | B15: 41 | C15: 130 | D15: 1560 | F15: 11:00-12:00 | G15: 34 | H15: 96 | I15: 1152
A16: 46312 | B16: 38 | C16: 120 | D16: 1440 | F16: 12:00-13:00 | G16: 32 | H16: 87 | I16: 1044
A17: 46313 | B17: 56 | C17: 186 | D17: 2232 | F17: 13:00-14:00 | G17: 25 | H17: 70 | I17: 840
A18: 46314 | B18: 78 | C18: 238 | D18: 2856 | F18: 14:00-15:00 | G18: 56 | H18: 176 | I18: 2112
A19: 46315 | B19: 47 | C19: 139 | D19: 1668 | F19: 15:00-16:00 | G19: 36 | H19: 105 | I19: 1260
A20: 46316 | B20: 38 | C20: 102 | D20: 1224 | F20: 16:00-17:00 | G20: 49 | H20: 145 | I20: 1740
A21: 46317 | B21: 29 | C21: 84 | D21: 1008 | F21: 17:00-18:00 | G21: 33 | H21: 92 | I21: 1104
A22: 46318 | B22: 147 | C22: 439 | D22: 5103 | F22: 18:00-19:00 | G22: 70 | H22: 197 | I22: 2364
A23: 46319 | B23: 10 | C23: 34 | D23: 408 | F23: 19:00-20:00 | G23: 67 | H23: 221 | I23: 2652
F24: 20:00-21:00 | G24: 54 | H24: 159 | I24: 1908
F25: 21:00-22:00 | G25: 86 | H25: 257 | I25: 3018
F26: 22:00-23:00 | G26: 99 | H26: 300 | I26: 3567
F27: 23:00-00:00 | G27: 34 | H27: 113 | I27: 1290
